step,Acc
0,0.526199996471405
1,0.6688999533653259
2,0.7166000008583069
3,0.7712000012397766
4,0.7512999773025513
5,0.7838999629020691
6,0.8220999836921692
7,0.8452999591827393
8,0.8392999768257141
9,0.8495999574661255
10,0.84579998254776
11,0.8539999723434448
